,index,_id,timestamp,sensor,target,groups,power
750,750,666f86a9865639045c05dd91,2024-06-17 00:43:21.400,artur-B450M-DS3H,all,"{'rapl': {'0': {'7': {'RAPL_ENERGY_PKG': 20757872640.0, 'time_enabled': 1000025748.0, 'time_running': 1000025748.0}}}}",20757.87264
751,751,666f86aa865639045c05dd92,2024-06-17 00:43:22.400,artur-B450M-DS3H,all,"{'rapl': {'0': {'7': {'RAPL_ENERGY_PKG': 24745345024.0, 'time_enabled': 2000257382.0, 'time_running': 2000257382.0}}}}",24745.345024
752,752,666f86ab865639045c05dd93,2024-06-17 00:43:23.400,artur-B450M-DS3H,all,"{'rapl': {'0': {'7': {'RAPL_ENERGY_PKG': 28658368512.0, 'time_enabled': 3000314970.0, 'time_running': 3000314970.0}}}}",28658.368512
753,753,666f86ac865639045c05dd94,2024-06-17 00:43:24.400,artur-B450M-DS3H,all,"{'rapl': {'0': {'7': {'RAPL_ENERGY_PKG': 78523400192.0, 'time_enabled': 4000390902.0, 'time_running': 4000390902.0}}}}",78523.400192
754,754,666f86ad865639045c05dd95,2024-06-17 00:43:25.400,artur-B450M-DS3H,all,"{'rapl': {'0': {'7': {'RAPL_ENERGY_PKG': 37410111488.0, 'time_enabled': 5000501018.0, 'time_running': 5000501018.0}}}}",37410.111488
755,755,666f86ae865639045c05dd96,2024-06-17 00:43:26.401,artur-B450M-DS3H,all,"{'rapl': {'0': {'7': {'RAPL_ENERGY_PKG': 68392910848.0, 'time_enabled': 6000606756.0, 'time_running': 6000606756.0}}}}",68392.910848
756,756,666f86af865639045c05dd97,2024-06-17 00:43:27.401,artur-B450M-DS3H,all,"{'rapl': {'0': {'7': {'RAPL_ENERGY_PKG': 100352655360.0, 'time_enabled': 7000710069.0, 'time_running': 7000710069.0}}}}",100352.65536
757,757,666f86b0865639045c05dd98,2024-06-17 00:43:28.401,artur-B450M-DS3H,all,"{'rapl': {'0': {'7': {'RAPL_ENERGY_PKG': 74588815360.0, 'time_enabled': 8000856574.0, 'time_running': 8000856574.0}}}}",74588.81536
758,758,666f86b1865639045c05dd99,2024-06-17 00:43:29.401,artur-B450M-DS3H,all,"{'rapl': {'0': {'7': {'RAPL_ENERGY_PKG': 29332209664.0, 'time_enabled': 9000892801.0, 'time_running': 9000892801.0}}}}",29332.209664
759,759,666f86b2865639045c05dd9a,2024-06-17 00:43:30.401,artur-B450M-DS3H,all,"{'rapl': {'0': {'7': {'RAPL_ENERGY_PKG': 37920112640.0, 'time_enabled': 10001056859.0, 'time_running': 10001056859.0}}}}",37920.11264
760,760,666f86b3865639045c05dd9b,2024-06-17 00:43:31.401,artur-B450M-DS3H,all,"{'rapl': {'0': {'7': {'RAPL_ENERGY_PKG': 28255846400.0, 'time_enabled': 11001111741.0, 'time_running': 11001111741.0}}}}",28255.8464
761,761,666f86b4865639045c05dd9c,2024-06-17 00:43:32.401,artur-B450M-DS3H,all,"{'rapl': {'0': {'7': {'RAPL_ENERGY_PKG': 40613511168.0, 'time_enabled': 12001246273.0, 'time_running': 12001246273.0}}}}",40613.511168
762,762,666f86b5865639045c05dd9d,2024-06-17 00:43:33.401,artur-B450M-DS3H,all,"{'rapl': {'0': {'7': {'RAPL_ENERGY_PKG': 18159828992.0, 'time_enabled': 13001369684.0, 'time_running': 13001369684.0}}}}",18159.828992
763,763,666f86b6865639045c05dd9e,2024-06-17 00:43:34.402,artur-B450M-DS3H,all,"{'rapl': {'0': {'7': {'RAPL_ENERGY_PKG': 15152316416.0, 'time_enabled': 14001432091.0, 'time_running': 14001432091.0}}}}",15152.316416
764,764,666f86b7865639045c05dd9f,2024-06-17 00:43:35.402,artur-B450M-DS3H,all,"{'rapl': {'0': {'7': {'RAPL_ENERGY_PKG': 22298427392.0, 'time_enabled': 15001537609.0, 'time_running': 15001537609.0}}}}",22298.427392
765,765,666f86b8865639045c05dda0,2024-06-17 00:43:36.402,artur-B450M-DS3H,all,"{'rapl': {'0': {'7': {'RAPL_ENERGY_PKG': 25562251264.0, 'time_enabled': 16001680046.0, 'time_running': 16001680046.0}}}}",25562.251264
766,766,666f86b9865639045c05dda1,2024-06-17 00:43:37.402,artur-B450M-DS3H,all,"{'rapl': {'0': {'7': {'RAPL_ENERGY_PKG': 19777585152.0, 'time_enabled': 17001770515.0, 'time_running': 17001770515.0}}}}",19777.585152
767,767,666f86ba865639045c05dda2,2024-06-17 00:43:38.402,artur-B450M-DS3H,all,"{'rapl': {'0': {'7': {'RAPL_ENERGY_PKG': 18391040000.0, 'time_enabled': 18001860203.0, 'time_running': 18001860203.0}}}}",18391.04
768,768,666f86bb865639045c05dda3,2024-06-17 00:43:39.402,artur-B450M-DS3H,all,"{'rapl': {'0': {'7': {'RAPL_ENERGY_PKG': 25091178496.0, 'time_enabled': 19002008631.0, 'time_running': 19002008631.0}}}}",25091.178496
769,769,666f86bc865639045c05dda4,2024-06-17 00:43:40.402,artur-B450M-DS3H,all,"{'rapl': {'0': {'7': {'RAPL_ENERGY_PKG': 19133235200.0, 'time_enabled': 20002118286.0, 'time_running': 20002118286.0}}}}",19133.2352
770,770,666f86bd865639045c05dda5,2024-06-17 00:43:41.402,artur-B450M-DS3H,all,"{'rapl': {'0': {'7': {'RAPL_ENERGY_PKG': 21224685568.0, 'time_enabled': 21002210990.0, 'time_running': 21002210990.0}}}}",21224.685568
771,771,666f86be865639045c05dda6,2024-06-17 00:43:42.402,artur-B450M-DS3H,all,"{'rapl': {'0': {'7': {'RAPL_ENERGY_PKG': 21597913088.0, 'time_enabled': 22002317229.0, 'time_running': 22002317229.0}}}}",21597.913088
772,772,666f86bf865639045c05dda7,2024-06-17 00:43:43.403,artur-B450M-DS3H,all,"{'rapl': {'0': {'7': {'RAPL_ENERGY_PKG': 32684113920.0, 'time_enabled': 23002389804.0, 'time_running': 23002389804.0}}}}",32684.11392
773,773,666f86c0865639045c05dda8,2024-06-17 00:43:44.403,artur-B450M-DS3H,all,"{'rapl': {'0': {'7': {'RAPL_ENERGY_PKG': 21833646080.0, 'time_enabled': 24002512264.0, 'time_running': 24002512264.0}}}}",21833.64608
774,774,666f86c1865639045c05dda9,2024-06-17 00:43:45.403,artur-B450M-DS3H,all,"{'rapl': {'0': {'7': {'RAPL_ENERGY_PKG': 18418302976.0, 'time_enabled': 25002586933.0, 'time_running': 25002586933.0}}}}",18418.302976
775,775,666f86c2865639045c05ddaa,2024-06-17 00:43:46.403,artur-B450M-DS3H,all,"{'rapl': {'0': {'7': {'RAPL_ENERGY_PKG': 21463040000.0, 'time_enabled': 26002682492.0, 'time_running': 26002682492.0}}}}",21463.04
776,776,666f86c3865639045c05ddab,2024-06-17 00:43:47.403,artur-B450M-DS3H,all,"{'rapl': {'0': {'7': {'RAPL_ENERGY_PKG': 32624148480.0, 'time_enabled': 27002775677.0, 'time_running': 27002775677.0}}}}",32624.14848
777,777,666f86c4865639045c05ddac,2024-06-17 00:43:48.403,artur-B450M-DS3H,all,"{'rapl': {'0': {'7': {'RAPL_ENERGY_PKG': 23827120128.0, 'time_enabled': 28002862018.0, 'time_running': 28002862018.0}}}}",23827.120128
778,778,666f86c5865639045c05ddad,2024-06-17 00:43:49.403,artur-B450M-DS3H,all,"{'rapl': {'0': {'7': {'RAPL_ENERGY_PKG': 19914883072.0, 'time_enabled': 29002982153.0, 'time_running': 29002982153.0}}}}",19914.883072
779,779,666f86c6865639045c05ddae,2024-06-17 00:43:50.403,artur-B450M-DS3H,all,"{'rapl': {'0': {'7': {'RAPL_ENERGY_PKG': 30048649216.0, 'time_enabled': 30003052935.0, 'time_running': 30003052935.0}}}}",30048.649216
780,780,666f86c7865639045c05ddaf,2024-06-17 00:43:51.403,artur-B450M-DS3H,all,"{'rapl': {'0': {'7': {'RAPL_ENERGY_PKG': 22014656512.0, 'time_enabled': 31003167630.0, 'time_running': 31003167630.0}}}}",22014.656512
781,781,666f86c8865639045c05ddb0,2024-06-17 00:43:52.404,artur-B450M-DS3H,all,"{'rapl': {'0': {'7': {'RAPL_ENERGY_PKG': 21562589184.0, 'time_enabled': 32003324264.0, 'time_running': 32003324264.0}}}}",21562.589184
782,782,666f86c9865639045c05ddb1,2024-06-17 00:43:53.404,artur-B450M-DS3H,all,"{'rapl': {'0': {'7': {'RAPL_ENERGY_PKG': 21194080256.0, 'time_enabled': 33003378124.0, 'time_running': 33003378124.0}}}}",21194.080256
783,783,666f86ca865639045c05ddb2,2024-06-17 00:43:54.404,artur-B450M-DS3H,all,"{'rapl': {'0': {'7': {'RAPL_ENERGY_PKG': 25460211712.0, 'time_enabled': 34003483411.0, 'time_running': 34003483411.0}}}}",25460.211712
784,784,666f86cb865639045c05ddb3,2024-06-17 00:43:55.404,artur-B450M-DS3H,all,"{'rapl': {'0': {'7': {'RAPL_ENERGY_PKG': 22294560768.0, 'time_enabled': 35003588178.0, 'time_running': 35003588178.0}}}}",22294.560768
785,785,666f86cc865639045c05ddb4,2024-06-17 00:43:56.404,artur-B450M-DS3H,all,"{'rapl': {'0': {'7': {'RAPL_ENERGY_PKG': 21574254592.0, 'time_enabled': 36003674088.0, 'time_running': 36003674088.0}}}}",21574.254592
786,786,666f86cd865639045c05ddb5,2024-06-17 00:43:57.404,artur-B450M-DS3H,all,"{'rapl': {'0': {'7': {'RAPL_ENERGY_PKG': 24153554944.0, 'time_enabled': 37003754509.0, 'time_running': 37003754509.0}}}}",24153.554944
787,787,666f86ce865639045c05ddb6,2024-06-17 00:43:58.404,artur-B450M-DS3H,all,"{'rapl': {'0': {'7': {'RAPL_ENERGY_PKG': 30379868160.0, 'time_enabled': 38003880385.0, 'time_running': 38003880385.0}}}}",30379.86816
788,788,666f86cf865639045c05ddb7,2024-06-17 00:43:59.404,artur-B450M-DS3H,all,"{'rapl': {'0': {'7': {'RAPL_ENERGY_PKG': 43651235840.0, 'time_enabled': 39003961426.0, 'time_running': 39003961426.0}}}}",43651.23584
789,789,666f86d0865639045c05ddb8,2024-06-17 00:44:00.404,artur-B450M-DS3H,all,"{'rapl': {'0': {'7': {'RAPL_ENERGY_PKG': 50989498368.0, 'time_enabled': 40004054270.0, 'time_running': 40004054270.0}}}}",50989.498368
790,790,666f86d1865639045c05ddb9,2024-06-17 00:44:01.405,artur-B450M-DS3H,all,"{'rapl': {'0': {'7': {'RAPL_ENERGY_PKG': 50960203776.0, 'time_enabled': 41004137906.0, 'time_running': 41004137906.0}}}}",50960.203776
791,791,666f86d2865639045c05ddba,2024-06-17 00:44:02.405,artur-B450M-DS3H,all,"{'rapl': {'0': {'7': {'RAPL_ENERGY_PKG': 18710200320.0, 'time_enabled': 42004263381.0, 'time_running': 42004263381.0}}}}",18710.20032
792,792,666f86d3865639045c05ddbb,2024-06-17 00:44:03.405,artur-B450M-DS3H,all,"{'rapl': {'0': {'7': {'RAPL_ENERGY_PKG': 22192783360.0, 'time_enabled': 43004387614.0, 'time_running': 43004387614.0}}}}",22192.78336
793,793,666f86d4865639045c05ddbc,2024-06-17 00:44:04.405,artur-B450M-DS3H,all,"{'rapl': {'0': {'7': {'RAPL_ENERGY_PKG': 17394565120.0, 'time_enabled': 44004446634.0, 'time_running': 44004446634.0}}}}",17394.56512
794,794,666f86d5865639045c05ddbd,2024-06-17 00:44:05.405,artur-B450M-DS3H,all,"{'rapl': {'0': {'7': {'RAPL_ENERGY_PKG': 29583409152.0, 'time_enabled': 45004574594.0, 'time_running': 45004574594.0}}}}",29583.409152
795,795,666f86d6865639045c05ddbe,2024-06-17 00:44:06.405,artur-B450M-DS3H,all,"{'rapl': {'0': {'7': {'RAPL_ENERGY_PKG': 20242235392.0, 'time_enabled': 46004649244.0, 'time_running': 46004649244.0}}}}",20242.235392
796,796,666f86d7865639045c05ddbf,2024-06-17 00:44:07.405,artur-B450M-DS3H,all,"{'rapl': {'0': {'7': {'RAPL_ENERGY_PKG': 21844262912.0, 'time_enabled': 47004750483.0, 'time_running': 47004750483.0}}}}",21844.262912
797,797,666f86d8865639045c05ddc0,2024-06-17 00:44:08.405,artur-B450M-DS3H,all,"{'rapl': {'0': {'7': {'RAPL_ENERGY_PKG': 23043244032.0, 'time_enabled': 48004820183.0, 'time_running': 48004820183.0}}}}",23043.244032
798,798,666f86d9865639045c05ddc1,2024-06-17 00:44:09.405,artur-B450M-DS3H,all,"{'rapl': {'0': {'7': {'RAPL_ENERGY_PKG': 20109787136.0, 'time_enabled': 49004947923.0, 'time_running': 49004947923.0}}}}",20109.787136
799,799,666f86da865639045c05ddc2,2024-06-17 00:44:10.406,artur-B450M-DS3H,all,"{'rapl': {'0': {'7': {'RAPL_ENERGY_PKG': 21741240320.0, 'time_enabled': 50005057809.0, 'time_running': 50005057809.0}}}}",21741.24032
800,800,666f86db865639045c05ddc3,2024-06-17 00:44:11.406,artur-B450M-DS3H,all,"{'rapl': {'0': {'7': {'RAPL_ENERGY_PKG': 18805751808.0, 'time_enabled': 51005141315.0, 'time_running': 51005141315.0}}}}",18805.751808
801,801,666f86dc865639045c05ddc4,2024-06-17 00:44:12.406,artur-B450M-DS3H,all,"{'rapl': {'0': {'7': {'RAPL_ENERGY_PKG': 27700035584.0, 'time_enabled': 52005275376.0, 'time_running': 52005275376.0}}}}",27700.035584
802,802,666f86dd865639045c05ddc5,2024-06-17 00:44:13.406,artur-B450M-DS3H,all,"{'rapl': {'0': {'7': {'RAPL_ENERGY_PKG': 16185491456.0, 'time_enabled': 53005382426.0, 'time_running': 53005382426.0}}}}",16185.491456
803,803,666f86de865639045c05ddc6,2024-06-17 00:44:14.406,artur-B450M-DS3H,all,"{'rapl': {'0': {'7': {'RAPL_ENERGY_PKG': 22738173952.0, 'time_enabled': 54005473347.0, 'time_running': 54005473347.0}}}}",22738.173952
804,804,666f86df865639045c05ddc7,2024-06-17 00:44:15.406,artur-B450M-DS3H,all,"{'rapl': {'0': {'7': {'RAPL_ENERGY_PKG': 18382913536.0, 'time_enabled': 55005596828.0, 'time_running': 55005596828.0}}}}",18382.913536
805,805,666f86e0865639045c05ddc8,2024-06-17 00:44:16.406,artur-B450M-DS3H,all,"{'rapl': {'0': {'7': {'RAPL_ENERGY_PKG': 26189627392.0, 'time_enabled': 56005689501.0, 'time_running': 56005689501.0}}}}",26189.627392
806,806,666f86e1865639045c05ddc9,2024-06-17 00:44:17.406,artur-B450M-DS3H,all,"{'rapl': {'0': {'7': {'RAPL_ENERGY_PKG': 19817496576.0, 'time_enabled': 57005808103.0, 'time_running': 57005808103.0}}}}",19817.496576
807,807,666f86e2865639045c05ddca,2024-06-17 00:44:18.406,artur-B450M-DS3H,all,"{'rapl': {'0': {'7': {'RAPL_ENERGY_PKG': 19775750144.0, 'time_enabled': 58005880369.0, 'time_running': 58005880369.0}}}}",19775.750144
808,808,666f86e3865639045c05ddcb,2024-06-17 00:44:19.407,artur-B450M-DS3H,all,"{'rapl': {'0': {'7': {'RAPL_ENERGY_PKG': 33734983680.0, 'time_enabled': 59005983792.0, 'time_running': 59005983792.0}}}}",33734.98368
809,809,666f86e4865639045c05ddcc,2024-06-17 00:44:20.407,artur-B450M-DS3H,all,"{'rapl': {'0': {'7': {'RAPL_ENERGY_PKG': 19634257920.0, 'time_enabled': 60006066868.0, 'time_running': 60006066868.0}}}}",19634.25792
810,810,666f86e5865639045c05ddcd,2024-06-17 00:44:21.407,artur-B450M-DS3H,all,"{'rapl': {'0': {'7': {'RAPL_ENERGY_PKG': 23453302784.0, 'time_enabled': 61006160874.0, 'time_running': 61006160874.0}}}}",23453.302784
811,811,666f86e6865639045c05ddce,2024-06-17 00:44:22.407,artur-B450M-DS3H,all,"{'rapl': {'0': {'7': {'RAPL_ENERGY_PKG': 18300469248.0, 'time_enabled': 62006225013.0, 'time_running': 62006225013.0}}}}",18300.469248
812,812,666f86e7865639045c05ddcf,2024-06-17 00:44:23.407,artur-B450M-DS3H,all,"{'rapl': {'0': {'7': {'RAPL_ENERGY_PKG': 27066564608.0, 'time_enabled': 63006373682.0, 'time_running': 63006373682.0}}}}",27066.564608
813,813,666f86e8865639045c05ddd0,2024-06-17 00:44:24.407,artur-B450M-DS3H,all,"{'rapl': {'0': {'7': {'RAPL_ENERGY_PKG': 19943194624.0, 'time_enabled': 64006486042.0, 'time_running': 64006486042.0}}}}",19943.194624
814,814,666f86e9865639045c05ddd1,2024-06-17 00:44:25.407,artur-B450M-DS3H,all,"{'rapl': {'0': {'7': {'RAPL_ENERGY_PKG': 20123156480.0, 'time_enabled': 65006601018.0, 'time_running': 65006601018.0}}}}",20123.15648
815,815,666f86ea865639045c05ddd2,2024-06-17 00:44:26.407,artur-B450M-DS3H,all,"{'rapl': {'0': {'7': {'RAPL_ENERGY_PKG': 14175895552.0, 'time_enabled': 66006643507.0, 'time_running': 66006643507.0}}}}",14175.895552
816,816,666f86eb865639045c05ddd3,2024-06-17 00:44:27.407,artur-B450M-DS3H,all,"{'rapl': {'0': {'7': {'RAPL_ENERGY_PKG': 19395641344.0, 'time_enabled': 67006747702.0, 'time_running': 67006747702.0}}}}",19395.641344
817,817,666f86ec865639045c05ddd4,2024-06-17 00:44:28.408,artur-B450M-DS3H,all,"{'rapl': {'0': {'7': {'RAPL_ENERGY_PKG': 23931518976.0, 'time_enabled': 68006864611.0, 'time_running': 68006864611.0}}}}",23931.518976
818,818,666f86ed865639045c05ddd5,2024-06-17 00:44:29.408,artur-B450M-DS3H,all,"{'rapl': {'0': {'7': {'RAPL_ENERGY_PKG': 24170332160.0, 'time_enabled': 69006987561.0, 'time_running': 69006987561.0}}}}",24170.33216
819,819,666f86ee865639045c05ddd6,2024-06-17 00:44:30.408,artur-B450M-DS3H,all,"{'rapl': {'0': {'7': {'RAPL_ENERGY_PKG': 33985789952.0, 'time_enabled': 70007048725.0, 'time_running': 70007048725.0}}}}",33985.789952
820,820,666f86ef865639045c05ddd7,2024-06-17 00:44:31.408,artur-B450M-DS3H,all,"{'rapl': {'0': {'7': {'RAPL_ENERGY_PKG': 22951034880.0, 'time_enabled': 71007211751.0, 'time_running': 71007211751.0}}}}",22951.03488
821,821,666f86f0865639045c05ddd8,2024-06-17 00:44:32.408,artur-B450M-DS3H,all,"{'rapl': {'0': {'7': {'RAPL_ENERGY_PKG': 21314535424.0, 'time_enabled': 72007297972.0, 'time_running': 72007297972.0}}}}",21314.535424
822,822,666f86f1865639045c05ddd9,2024-06-17 00:44:33.408,artur-B450M-DS3H,all,"{'rapl': {'0': {'7': {'RAPL_ENERGY_PKG': 20728446976.0, 'time_enabled': 73007385156.0, 'time_running': 73007385156.0}}}}",20728.446976
823,823,666f86f2865639045c05ddda,2024-06-17 00:44:34.408,artur-B450M-DS3H,all,"{'rapl': {'0': {'7': {'RAPL_ENERGY_PKG': 26393509888.0, 'time_enabled': 74007485624.0, 'time_running': 74007485624.0}}}}",26393.509888
824,824,666f86f3865639045c05dddb,2024-06-17 00:44:35.408,artur-B450M-DS3H,all,"{'rapl': {'0': {'7': {'RAPL_ENERGY_PKG': 22594453504.0, 'time_enabled': 75007605789.0, 'time_running': 75007605789.0}}}}",22594.453504
825,825,666f86f4865639045c05dddc,2024-06-17 00:44:36.408,artur-B450M-DS3H,all,"{'rapl': {'0': {'7': {'RAPL_ENERGY_PKG': 24606474240.0, 'time_enabled': 76007655702.0, 'time_running': 76007655702.0}}}}",24606.47424
826,826,666f86f5865639045c05dddd,2024-06-17 00:44:37.409,artur-B450M-DS3H,all,"{'rapl': {'0': {'7': {'RAPL_ENERGY_PKG': 31619284992.0, 'time_enabled': 77007753505.0, 'time_running': 77007753505.0}}}}",31619.284992
827,827,666f86f6865639045c05ddde,2024-06-17 00:44:38.409,artur-B450M-DS3H,all,"{'rapl': {'0': {'7': {'RAPL_ENERGY_PKG': 29748035584.0, 'time_enabled': 78007861868.0, 'time_running': 78007861868.0}}}}",29748.035584
828,828,666f86f7865639045c05dddf,2024-06-17 00:44:39.409,artur-B450M-DS3H,all,"{'rapl': {'0': {'7': {'RAPL_ENERGY_PKG': 18795266048.0, 'time_enabled': 79007992513.0, 'time_running': 79007992513.0}}}}",18795.266048
829,829,666f86f8865639045c05dde0,2024-06-17 00:44:40.409,artur-B450M-DS3H,all,"{'rapl': {'0': {'7': {'RAPL_ENERGY_PKG': 24886837248.0, 'time_enabled': 80008070799.0, 'time_running': 80008070799.0}}}}",24886.837248
830,830,666f86f9865639045c05dde1,2024-06-17 00:44:41.409,artur-B450M-DS3H,all,"{'rapl': {'0': {'7': {'RAPL_ENERGY_PKG': 31596937216.0, 'time_enabled': 81008162991.0, 'time_running': 81008162991.0}}}}",31596.937216
831,831,666f86fa865639045c05dde2,2024-06-17 00:44:42.409,artur-B450M-DS3H,all,"{'rapl': {'0': {'7': {'RAPL_ENERGY_PKG': 23755816960.0, 'time_enabled': 82008238342.0, 'time_running': 82008238342.0}}}}",23755.81696
832,832,666f86fb865639045c05dde3,2024-06-17 00:44:43.409,artur-B450M-DS3H,all,"{'rapl': {'0': {'7': {'RAPL_ENERGY_PKG': 19898499072.0, 'time_enabled': 83008342067.0, 'time_running': 83008342067.0}}}}",19898.499072
833,833,666f86fc865639045c05dde4,2024-06-17 00:44:44.409,artur-B450M-DS3H,all,"{'rapl': {'0': {'7': {'RAPL_ENERGY_PKG': 20955791360.0, 'time_enabled': 84008477520.0, 'time_running': 84008477520.0}}}}",20955.79136
834,834,666f86fd865639045c05dde5,2024-06-17 00:44:45.409,artur-B450M-DS3H,all,"{'rapl': {'0': {'7': {'RAPL_ENERGY_PKG': 26231373824.0, 'time_enabled': 85008566677.0, 'time_running': 85008566677.0}}}}",26231.373824
835,835,666f86fe865639045c05dde6,2024-06-17 00:44:46.410,artur-B450M-DS3H,all,"{'rapl': {'0': {'7': {'RAPL_ENERGY_PKG': 22662348800.0, 'time_enabled': 86008707752.0, 'time_running': 86008707752.0}}}}",22662.3488
836,836,666f86ff865639045c05dde7,2024-06-17 00:44:47.410,artur-B450M-DS3H,all,"{'rapl': {'0': {'7': {'RAPL_ENERGY_PKG': 23254597632.0, 'time_enabled': 87008816615.0, 'time_running': 87008816615.0}}}}",23254.597632
837,837,666f8700865639045c05dde8,2024-06-17 00:44:48.410,artur-B450M-DS3H,all,"{'rapl': {'0': {'7': {'RAPL_ENERGY_PKG': 25367412736.0, 'time_enabled': 88008930359.0, 'time_running': 88008930359.0}}}}",25367.412736
838,838,666f8701865639045c05dde9,2024-06-17 00:44:49.410,artur-B450M-DS3H,all,"{'rapl': {'0': {'7': {'RAPL_ENERGY_PKG': 23911530496.0, 'time_enabled': 89008982516.0, 'time_running': 89008982516.0}}}}",23911.530496
839,839,666f8702865639045c05ddea,2024-06-17 00:44:50.410,artur-B450M-DS3H,all,"{'rapl': {'0': {'7': {'RAPL_ENERGY_PKG': 12010389504.0, 'time_enabled': 90009574718.0, 'time_running': 90009574718.0}}}}",12010.389504
840,840,666f8703865639045c05ddeb,2024-06-17 00:44:51.411,artur-B450M-DS3H,all,"{'rapl': {'0': {'7': {'RAPL_ENERGY_PKG': 15137243136.0, 'time_enabled': 91009622617.0, 'time_running': 91009622617.0}}}}",15137.243136
841,841,666f8704865639045c05ddec,2024-06-17 00:44:52.411,artur-B450M-DS3H,all,"{'rapl': {'0': {'7': {'RAPL_ENERGY_PKG': 23536074752.0, 'time_enabled': 92009690524.0, 'time_running': 92009690524.0}}}}",23536.074752
842,842,666f8705865639045c05dded,2024-06-17 00:44:53.411,artur-B450M-DS3H,all,"{'rapl': {'0': {'7': {'RAPL_ENERGY_PKG': 21588934656.0, 'time_enabled': 93009798256.0, 'time_running': 93009798256.0}}}}",21588.934656
843,843,666f8706865639045c05ddee,2024-06-17 00:44:54.411,artur-B450M-DS3H,all,"{'rapl': {'0': {'7': {'RAPL_ENERGY_PKG': 23880663040.0, 'time_enabled': 94009897392.0, 'time_running': 94009897392.0}}}}",23880.66304
844,844,666f8707865639045c05ddef,2024-06-17 00:44:55.411,artur-B450M-DS3H,all,"{'rapl': {'0': {'7': {'RAPL_ENERGY_PKG': 16558260224.0, 'time_enabled': 95009967553.0, 'time_running': 95009967553.0}}}}",16558.260224
845,845,666f8708865639045c05ddf0,2024-06-17 00:44:56.411,artur-B450M-DS3H,all,"{'rapl': {'0': {'7': {'RAPL_ENERGY_PKG': 29799481344.0, 'time_enabled': 96010038916.0, 'time_running': 96010038916.0}}}}",29799.481344
846,846,666f8709865639045c05ddf1,2024-06-17 00:44:57.411,artur-B450M-DS3H,all,"{'rapl': {'0': {'7': {'RAPL_ENERGY_PKG': 19450626048.0, 'time_enabled': 97010160444.0, 'time_running': 97010160444.0}}}}",19450.626048
847,847,666f870a865639045c05ddf2,2024-06-17 00:44:58.411,artur-B450M-DS3H,all,"{'rapl': {'0': {'7': {'RAPL_ENERGY_PKG': 24414584832.0, 'time_enabled': 98010209325.0, 'time_running': 98010209325.0}}}}",24414.584832
848,848,666f870b865639045c05ddf3,2024-06-17 00:44:59.411,artur-B450M-DS3H,all,"{'rapl': {'0': {'7': {'RAPL_ENERGY_PKG': 29452992512.0, 'time_enabled': 99010331404.0, 'time_running': 99010331404.0}}}}",29452.992512
849,849,666f870c865639045c05ddf4,2024-06-17 00:45:00.411,artur-B450M-DS3H,all,"{'rapl': {'0': {'7': {'RAPL_ENERGY_PKG': 25147342848.0, 'time_enabled': 100010406704.0, 'time_running': 100010406704.0}}}}",25147.342848
850,850,666f870d865639045c05ddf5,2024-06-17 00:45:01.412,artur-B450M-DS3H,all,"{'rapl': {'0': {'7': {'RAPL_ENERGY_PKG': 18854903808.0, 'time_enabled': 101010525096.0, 'time_running': 101010525096.0}}}}",18854.903808
851,851,666f870e865639045c05ddf6,2024-06-17 00:45:02.412,artur-B450M-DS3H,all,"{'rapl': {'0': {'7': {'RAPL_ENERGY_PKG': 19836174336.0, 'time_enabled': 102010587182.0, 'time_running': 102010587182.0}}}}",19836.174336
852,852,666f870f865639045c05ddf7,2024-06-17 00:45:03.412,artur-B450M-DS3H,all,"{'rapl': {'0': {'7': {'RAPL_ENERGY_PKG': 26838958080.0, 'time_enabled': 103010694984.0, 'time_running': 103010694984.0}}}}",26838.95808
853,853,666f8710865639045c05ddf8,2024-06-17 00:45:04.412,artur-B450M-DS3H,all,"{'rapl': {'0': {'7': {'RAPL_ENERGY_PKG': 20111556608.0, 'time_enabled': 104010821952.0, 'time_running': 104010821952.0}}}}",20111.556608
854,854,666f8711865639045c05ddf9,2024-06-17 00:45:05.412,artur-B450M-DS3H,all,"{'rapl': {'0': {'7': {'RAPL_ENERGY_PKG': 22638231552.0, 'time_enabled': 105010885220.0, 'time_running': 105010885220.0}}}}",22638.231552
855,855,666f8712865639045c05ddfa,2024-06-17 00:45:06.412,artur-B450M-DS3H,all,"{'rapl': {'0': {'7': {'RAPL_ENERGY_PKG': 26498826240.0, 'time_enabled': 106010974136.0, 'time_running': 106010974136.0}}}}",26498.82624
856,856,666f8713865639045c05ddfb,2024-06-17 00:45:07.412,artur-B450M-DS3H,all,"{'rapl': {'0': {'7': {'RAPL_ENERGY_PKG': 24455544832.0, 'time_enabled': 107011052222.0, 'time_running': 107011052222.0}}}}",24455.544832
857,857,666f8714865639045c05ddfc,2024-06-17 00:45:08.412,artur-B450M-DS3H,all,"{'rapl': {'0': {'7': {'RAPL_ENERGY_PKG': 18330943488.0, 'time_enabled': 108011147941.0, 'time_running': 108011147941.0}}}}",18330.943488
858,858,666f8715865639045c05ddfd,2024-06-17 00:45:09.412,artur-B450M-DS3H,all,"{'rapl': {'0': {'7': {'RAPL_ENERGY_PKG': 21619539968.0, 'time_enabled': 109011226298.0, 'time_running': 109011226298.0}}}}",21619.539968
859,859,666f8716865639045c05ddfe,2024-06-17 00:45:10.412,artur-B450M-DS3H,all,"{'rapl': {'0': {'7': {'RAPL_ENERGY_PKG': 23317643264.0, 'time_enabled': 110011338348.0, 'time_running': 110011338348.0}}}}",23317.643264
860,860,666f8717865639045c05ddff,2024-06-17 00:45:11.413,artur-B450M-DS3H,all,"{'rapl': {'0': {'7': {'RAPL_ENERGY_PKG': 23502651392.0, 'time_enabled': 111011501854.0, 'time_running': 111011501854.0}}}}",23502.651392
861,861,666f8718865639045c05de00,2024-06-17 00:45:12.413,artur-B450M-DS3H,all,"{'rapl': {'0': {'7': {'RAPL_ENERGY_PKG': 16890920960.0, 'time_enabled': 112011581624.0, 'time_running': 112011581624.0}}}}",16890.92096
862,862,666f8719865639045c05de01,2024-06-17 00:45:13.413,artur-B450M-DS3H,all,"{'rapl': {'0': {'7': {'RAPL_ENERGY_PKG': 20624048128.0, 'time_enabled': 113011686280.0, 'time_running': 113011686280.0}}}}",20624.048128
863,863,666f871a865639045c05de02,2024-06-17 00:45:14.413,artur-B450M-DS3H,all,"{'rapl': {'0': {'7': {'RAPL_ENERGY_PKG': 28956295168.0, 'time_enabled': 114011803840.0, 'time_running': 114011803840.0}}}}",28956.295168
864,864,666f871b865639045c05de03,2024-06-17 00:45:15.413,artur-B450M-DS3H,all,"{'rapl': {'0': {'7': {'RAPL_ENERGY_PKG': 15887040512.0, 'time_enabled': 115011971224.0, 'time_running': 115011971224.0}}}}",15887.040512
865,865,666f871c865639045c05de04,2024-06-17 00:45:16.413,artur-B450M-DS3H,all,"{'rapl': {'0': {'7': {'RAPL_ENERGY_PKG': 16804478976.0, 'time_enabled': 116012023882.0, 'time_running': 116012023882.0}}}}",16804.478976
866,866,666f871d865639045c05de05,2024-06-17 00:45:17.413,artur-B450M-DS3H,all,"{'rapl': {'0': {'7': {'RAPL_ENERGY_PKG': 33052360704.0, 'time_enabled': 117012109983.0, 'time_running': 117012109983.0}}}}",33052.360704
867,867,666f871e865639045c05de06,2024-06-17 00:45:18.413,artur-B450M-DS3H,all,"{'rapl': {'0': {'7': {'RAPL_ENERGY_PKG': 22598975488.0, 'time_enabled': 118012212595.0, 'time_running': 118012212595.0}}}}",22598.975488
868,868,666f871f865639045c05de07,2024-06-17 00:45:19.414,artur-B450M-DS3H,all,"{'rapl': {'0': {'7': {'RAPL_ENERGY_PKG': 24428478464.0, 'time_enabled': 119012319635.0, 'time_running': 119012319635.0}}}}",24428.478464
869,869,666f8720865639045c05de08,2024-06-17 00:45:20.414,artur-B450M-DS3H,all,"{'rapl': {'0': {'7': {'RAPL_ENERGY_PKG': 17528848384.0, 'time_enabled': 120012409383.0, 'time_running': 120012409383.0}}}}",17528.848384
870,870,666f8721865639045c05de09,2024-06-17 00:45:21.414,artur-B450M-DS3H,all,"{'rapl': {'0': {'7': {'RAPL_ENERGY_PKG': 29501751296.0, 'time_enabled': 121012494663.0, 'time_running': 121012494663.0}}}}",29501.751296
871,871,666f8722865639045c05de0a,2024-06-17 00:45:22.414,artur-B450M-DS3H,all,"{'rapl': {'0': {'7': {'RAPL_ENERGY_PKG': 20143144960.0, 'time_enabled': 122012741296.0, 'time_running': 122012741296.0}}}}",20143.14496
872,872,666f8723865639045c05de0b,2024-06-17 00:45:23.414,artur-B450M-DS3H,all,"{'rapl': {'0': {'7': {'RAPL_ENERGY_PKG': 19531104256.0, 'time_enabled': 123012740203.0, 'time_running': 123012740203.0}}}}",19531.104256
873,873,666f8724865639045c05de0c,2024-06-17 00:45:24.414,artur-B450M-DS3H,all,"{'rapl': {'0': {'7': {'RAPL_ENERGY_PKG': 20923547648.0, 'time_enabled': 124012798912.0, 'time_running': 124012798912.0}}}}",20923.547648
874,874,666f8725865639045c05de0d,2024-06-17 00:45:25.414,artur-B450M-DS3H,all,"{'rapl': {'0': {'7': {'RAPL_ENERGY_PKG': 24501485568.0, 'time_enabled': 125012905923.0, 'time_running': 125012905923.0}}}}",24501.485568
875,875,666f8726865639045c05de0e,2024-06-17 00:45:26.414,artur-B450M-DS3H,all,"{'rapl': {'0': {'7': {'RAPL_ENERGY_PKG': 21518090240.0, 'time_enabled': 126013012813.0, 'time_running': 126013012813.0}}}}",21518.09024
876,876,666f8727865639045c05de0f,2024-06-17 00:45:27.414,artur-B450M-DS3H,all,"{'rapl': {'0': {'7': {'RAPL_ENERGY_PKG': 22641442816.0, 'time_enabled': 127013198291.0, 'time_running': 127013198291.0}}}}",22641.442816
877,877,666f8728865639045c05de10,2024-06-17 00:45:28.415,artur-B450M-DS3H,all,"{'rapl': {'0': {'7': {'RAPL_ENERGY_PKG': 25009717248.0, 'time_enabled': 128013273982.0, 'time_running': 128013273982.0}}}}",25009.717248
878,878,666f8729865639045c05de11,2024-06-17 00:45:29.415,artur-B450M-DS3H,all,"{'rapl': {'0': {'7': {'RAPL_ENERGY_PKG': 22666608640.0, 'time_enabled': 129013357519.0, 'time_running': 129013357519.0}}}}",22666.60864
879,879,666f872a865639045c05de12,2024-06-17 00:45:30.415,artur-B450M-DS3H,all,"{'rapl': {'0': {'7': {'RAPL_ENERGY_PKG': 19525468160.0, 'time_enabled': 130013456574.0, 'time_running': 130013456574.0}}}}",19525.46816
880,880,666f872b865639045c05de13,2024-06-17 00:45:31.415,artur-B450M-DS3H,all,"{'rapl': {'0': {'7': {'RAPL_ENERGY_PKG': 20100087808.0, 'time_enabled': 131013558825.0, 'time_running': 131013558825.0}}}}",20100.087808
881,881,666f872c865639045c05de14,2024-06-17 00:45:32.415,artur-B450M-DS3H,all,"{'rapl': {'0': {'7': {'RAPL_ENERGY_PKG': 26499219456.0, 'time_enabled': 132013651789.0, 'time_running': 132013651789.0}}}}",26499.219456
882,882,666f872d865639045c05de15,2024-06-17 00:45:33.415,artur-B450M-DS3H,all,"{'rapl': {'0': {'7': {'RAPL_ENERGY_PKG': 21280260096.0, 'time_enabled': 133013785189.0, 'time_running': 133013785189.0}}}}",21280.260096
883,883,666f872e865639045c05de16,2024-06-17 00:45:34.415,artur-B450M-DS3H,all,"{'rapl': {'0': {'7': {'RAPL_ENERGY_PKG': 13614186496.0, 'time_enabled': 134013875118.0, 'time_running': 134013875118.0}}}}",13614.186496
884,884,666f872f865639045c05de17,2024-06-17 00:45:35.415,artur-B450M-DS3H,all,"{'rapl': {'0': {'7': {'RAPL_ENERGY_PKG': 23826071552.0, 'time_enabled': 135013938206.0, 'time_running': 135013938206.0}}}}",23826.071552
885,885,666f8730865639045c05de18,2024-06-17 00:45:36.415,artur-B450M-DS3H,all,"{'rapl': {'0': {'7': {'RAPL_ENERGY_PKG': 21288189952.0, 'time_enabled': 136014062999.0, 'time_running': 136014062999.0}}}}",21288.189952
886,886,666f8731865639045c05de19,2024-06-17 00:45:37.416,artur-B450M-DS3H,all,"{'rapl': {'0': {'7': {'RAPL_ENERGY_PKG': 22899851264.0, 'time_enabled': 137014209925.0, 'time_running': 137014209925.0}}}}",22899.851264
887,887,666f8732865639045c05de1a,2024-06-17 00:45:38.416,artur-B450M-DS3H,all,"{'rapl': {'0': {'7': {'RAPL_ENERGY_PKG': 19280101376.0, 'time_enabled': 138014285225.0, 'time_running': 138014285225.0}}}}",19280.101376
888,888,666f8733865639045c05de1b,2024-06-17 00:45:39.416,artur-B450M-DS3H,all,"{'rapl': {'0': {'7': {'RAPL_ENERGY_PKG': 19039518720.0, 'time_enabled': 139014673545.0, 'time_running': 139014673545.0}}}}",19039.51872
889,889,666f8734865639045c05de1c,2024-06-17 00:45:40.416,artur-B450M-DS3H,all,"{'rapl': {'0': {'7': {'RAPL_ENERGY_PKG': 10402922496.0, 'time_enabled': 140015043339.0, 'time_running': 140015043339.0}}}}",10402.922496
890,890,666f8735865639045c05de1d,2024-06-17 00:45:41.417,artur-B450M-DS3H,all,"{'rapl': {'0': {'7': {'RAPL_ENERGY_PKG': 8501919744.0, 'time_enabled': 141015539631.0, 'time_running': 141015539631.0}}}}",8501.919744
891,891,666f8736865639045c05de1e,2024-06-17 00:45:42.418,artur-B450M-DS3H,all,"{'rapl': {'0': {'7': {'RAPL_ENERGY_PKG': 7331577856.0, 'time_enabled': 142016151680.0, 'time_running': 142016151680.0}}}}",7331.577856
892,892,666f8737865639045c05de1f,2024-06-17 00:45:43.418,artur-B450M-DS3H,all,"{'rapl': {'0': {'7': {'RAPL_ENERGY_PKG': 16240934912.0, 'time_enabled': 143016714938.0, 'time_running': 143016714938.0}}}}",16240.934912
893,893,666f8738865639045c05de20,2024-06-17 00:45:44.418,artur-B450M-DS3H,all,"{'rapl': {'0': {'7': {'RAPL_ENERGY_PKG': 12458000384.0, 'time_enabled': 144017026062.0, 'time_running': 144017026062.0}}}}",12458.000384
894,894,666f8739865639045c05de21,2024-06-17 00:45:45.419,artur-B450M-DS3H,all,"{'rapl': {'0': {'7': {'RAPL_ENERGY_PKG': 17633247232.0, 'time_enabled': 145017123214.0, 'time_running': 145017123214.0}}}}",17633.247232
895,895,666f873a865639045c05de22,2024-06-17 00:45:46.419,artur-B450M-DS3H,all,"{'rapl': {'0': {'7': {'RAPL_ENERGY_PKG': 32841269248.0, 'time_enabled': 146017169110.0, 'time_running': 146017169110.0}}}}",32841.269248
896,896,666f873b865639045c05de23,2024-06-17 00:45:47.419,artur-B450M-DS3H,all,"{'rapl': {'0': {'7': {'RAPL_ENERGY_PKG': 55472291840.0, 'time_enabled': 147017250482.0, 'time_running': 147017250482.0}}}}",55472.29184
